system:index,date_utc,era5_hour_utc,era5_t2m_c,hour_utc,minute_utc,scene_id,sensor,year_group,.geo
00000000000000000000,2000-06-03,2000-06-03 10:00,33.19619730631507,10,16,LE07_137043_20000603,LS7,2000-01,"{""type"":""MultiPoint"",""coordinates"":[]}"
00000000000000000001,2000-06-03,2000-06-03 10:00,33.19619730631507,10,16,LE07_137044_20000603,LS7,2000-01,"{""type"":""MultiPoint"",""coordinates"":[]}"
00000000000000000002,2001-04-19,2001-04-19 10:00,31.93140157063806,10,14,LE07_137044_20010419,LS7,2000-01,"{""type"":""MultiPoint"",""coordinates"":[]}"
00000000000000000003,2001-07-08,2001-07-08 10:00,30.286292724609382,10,13,LE07_137043_20010708,LS7,2000-01,"{""type"":""MultiPoint"",""coordinates"":[]}"
00000000000000000004,2001-07-08,2001-07-08 10:00,30.286292724609382,10,14,LE07_137044_20010708,LS7,2000-01,"{""type"":""MultiPoint"",""coordinates"":[]}"
00000000000000000005,2005-04-06,2005-04-06 10:00,31.058062133789065,10,11,LT05_137043_20050406,LS5,2005-06,"{""type"":""MultiPoint"",""coordinates"":[]}"
00000000000000000006,2005-06-09,2005-06-09 10:00,34.2527406819662,10,11,LT05_137043_20050609,LS5,2005-06,"{""type"":""MultiPoint"",""coordinates"":[]}"
00000000000000000007,2006-04-25,2006-04-25 10:00,32.30167317708333,10,16,LT05_137043_20060425,LS5,2005-06,"{""type"":""MultiPoint"",""coordinates"":[]}"
00000000000000000008,2006-04-25,2006-04-25 10:00,32.30167317708333,10,16,LT05_137044_20060425,LS5,2005-06,"{""type"":""MultiPoint"",""coordinates"":[]}"
00000000000000000009,2010-04-20,2010-04-20 10:00,37.61167317708339,10,15,LT05_137043_20100420,LS5,2010-11,"{""type"":""MultiPoint"",""coordinates"":[]}"
0000000000000000000a,2011-04-07,2011-04-07 10:00,32.95752197265625,10,14,LT05_137043_20110407,LS5,2010-11,"{""type"":""MultiPoint"",""coordinates"":[]}"
0000000000000000000b,2011-04-07,2011-04-07 10:00,32.95752197265625,10,14,LT05_137044_20110407,LS5,2010-11,"{""type"":""MultiPoint"",""coordinates"":[]}"
0000000000000000000c,2011-06-10,2011-06-10 10:00,30.51625386555986,10,13,LT05_137043_20110610,LS5,2010-11,"{""type"":""MultiPoint"",""coordinates"":[]}"
0000000000000000000d,2011-07-28,2011-07-28 10:00,32.00945536295575,10,13,LT05_137043_20110728,LS5,2010-11,"{""type"":""MultiPoint"",""coordinates"":[]}"
0000000000000000000e,2015-04-18,2015-04-18 10:00,27.769031982421893,10,23,LC08_137043_20150418,LS8,2015-16,"{""type"":""MultiPoint"",""coordinates"":[]}"
0000000000000000000f,2015-04-18,2015-04-18 10:00,27.769031982421893,10,24,LC08_137044_20150418,LS8,2015-16,"{""type"":""MultiPoint"",""coordinates"":[]}"
00000000000000000010,2015-05-04,2015-05-04 10:00,32.3243963623047,10,23,LC08_137043_20150504,LS8,2015-16,"{""type"":""MultiPoint"",""coordinates"":[]}"
00000000000000000011,2015-05-04,2015-05-04 10:00,32.3243963623047,10,23,LC08_137044_20150504,LS8,2015-16,"{""type"":""MultiPoint"",""coordinates"":[]}"
00000000000000000012,2015-06-05,2015-06-05 10:00,33.342715657552105,10,23,LC08_137043_20150605,LS8,2015-16,"{""type"":""MultiPoint"",""coordinates"":[]}"
00000000000000000013,2015-06-05,2015-06-05 10:00,33.342715657552105,10,23,LC08_137044_20150605,LS8,2015-16,"{""type"":""MultiPoint"",""coordinates"":[]}"
00000000000000000014,2015-06-21,2015-06-21 10:00,28.18592732747402,10,24,LC08_137044_20150621,LS8,2015-16,"{""type"":""MultiPoint"",""coordinates"":[]}"
00000000000000000015,2016-05-06,2016-05-06 10:00,32.123262125651024,10,24,LC08_137043_20160506,LS8,2015-16,"{""type"":""MultiPoint"",""coordinates"":[]}"
00000000000000000016,2016-05-22,2016-05-22 10:00,30.896557413737014,10,24,LC08_137044_20160522,LS8,2015-16,"{""type"":""MultiPoint"",""coordinates"":[]}"
00000000000000000017,2016-06-07,2016-06-07 10:00,29.306608683268223,10,24,LC08_137043_20160607,LS8,2015-16,"{""type"":""MultiPoint"",""coordinates"":[]}"
00000000000000000018,2016-07-09,2016-07-09 10:00,30.009992065429685,10,24,LC08_137043_20160709,LS8,2015-16,"{""type"":""MultiPoint"",""coordinates"":[]}"
00000000000000000019,2020-05-17,2020-05-17 10:00,32.473863932291636,10,23,LC08_137043_20200517,LS8,2020-21,"{""type"":""MultiPoint"",""coordinates"":[]}"
0000000000000000001a,2020-05-17,2020-05-17 10:00,32.473863932291636,10,24,LC08_137044_20200517,LS8,2020-21,"{""type"":""MultiPoint"",""coordinates"":[]}"
0000000000000000001b,2020-06-02,2020-06-02 10:00,30.791150309244813,10,23,LC08_137043_20200602,LS8,2020-21,"{""type"":""MultiPoint"",""coordinates"":[]}"
0000000000000000001c,2020-06-02,2020-06-02 10:00,30.791150309244813,10,24,LC08_137044_20200602,LS8,2020-21,"{""type"":""MultiPoint"",""coordinates"":[]}"
0000000000000000001d,2021-04-02,2021-04-02 10:00,33.45771545410162,10,24,LC08_137043_20210402,LS8,2020-21,"{""type"":""MultiPoint"",""coordinates"":[]}"
0000000000000000001e,2021-04-02,2021-04-02 10:00,33.45771545410162,10,24,LC08_137044_20210402,LS8,2020-21,"{""type"":""MultiPoint"",""coordinates"":[]}"
0000000000000000001f,2021-04-18,2021-04-18 10:00,32.79801574707034,10,24,LC08_137043_20210418,LS8,2020-21,"{""type"":""MultiPoint"",""coordinates"":[]}"
00000000000000000020,2021-04-18,2021-04-18 10:00,32.79801574707034,10,24,LC08_137044_20210418,LS8,2020-21,"{""type"":""MultiPoint"",""coordinates"":[]}"
00000000000000000021,2024-04-02,2024-04-02 10:00,35.003336700160446,10,24,2_LC09_137043_20240402,LS89,2024-25,"{""type"":""MultiPoint"",""coordinates"":[]}"
00000000000000000022,2024-04-02,2024-04-02 10:00,35.003336700160446,10,24,2_LC09_137044_20240402,LS89,2024-25,"{""type"":""MultiPoint"",""coordinates"":[]}"
00000000000000000023,2024-04-18,2024-04-18 10:00,34.69999626077225,10,24,2_LC09_137043_20240418,LS89,2024-25,"{""type"":""MultiPoint"",""coordinates"":[]}"
00000000000000000024,2024-04-18,2024-04-18 10:00,34.69999626077225,10,24,2_LC09_137044_20240418,LS89,2024-25,"{""type"":""MultiPoint"",""coordinates"":[]}"
00000000000000000025,2024-04-26,2024-04-26 10:00,39.00099005568353,10,23,1_LC08_137043_20240426,LS89,2024-25,"{""type"":""MultiPoint"",""coordinates"":[]}"
00000000000000000026,2024-04-26,2024-04-26 10:00,39.00099005568353,10,24,1_LC08_137044_20240426,LS89,2024-25,"{""type"":""MultiPoint"",""coordinates"":[]}"
00000000000000000027,2024-05-04,2024-05-04 10:00,36.87756049329806,10,24,2_LC09_137043_20240504,LS89,2024-25,"{""type"":""MultiPoint"",""coordinates"":[]}"
00000000000000000028,2024-05-04,2024-05-04 10:00,36.87756049329806,10,24,2_LC09_137044_20240504,LS89,2024-25,"{""type"":""MultiPoint"",""coordinates"":[]}"
00000000000000000029,2024-05-12,2024-05-12 10:00,32.13785878068097,10,23,1_LC08_137043_20240512,LS89,2024-25,"{""type"":""MultiPoint"",""coordinates"":[]}"
0000000000000000002a,2024-05-12,2024-05-12 10:00,32.13785878068097,10,24,1_LC08_137044_20240512,LS89,2024-25,"{""type"":""MultiPoint"",""coordinates"":[]}"
0000000000000000002b,2024-06-05,2024-06-05 10:00,33.792512252186214,10,23,2_LC09_137043_20240605,LS89,2024-25,"{""type"":""MultiPoint"",""coordinates"":[]}"
0000000000000000002c,2024-07-07,2024-07-07 10:00,30.287953907751785,10,23,2_LC09_137043_20240707,LS89,2024-25,"{""type"":""MultiPoint"",""coordinates"":[]}"
0000000000000000002d,2024-07-07,2024-07-07 10:00,30.287953907751785,10,24,2_LC09_137044_20240707,LS89,2024-25,"{""type"":""MultiPoint"",""coordinates"":[]}"
0000000000000000002e,2025-04-05,2025-04-05 10:00,33.376625889296974,10,24,2_LC09_137043_20250405,LS89,2024-25,"{""type"":""MultiPoint"",""coordinates"":[]}"
0000000000000000002f,2025-04-05,2025-04-05 10:00,33.376625889296974,10,24,2_LC09_137044_20250405,LS89,2024-25,"{""type"":""MultiPoint"",""coordinates"":[]}"
00000000000000000030,2025-04-13,2025-04-13 10:00,34.41556543110812,10,23,1_LC08_137043_20250413,LS89,2024-25,"{""type"":""MultiPoint"",""coordinates"":[]}"
00000000000000000031,2025-04-13,2025-04-13 10:00,34.41556543110812,10,24,1_LC08_137044_20250413,LS89,2024-25,"{""type"":""MultiPoint"",""coordinates"":[]}"
00000000000000000032,2025-04-29,2025-04-29 10:00,29.225864867656696,10,23,1_LC08_137043_20250429,LS89,2024-25,"{""type"":""MultiPoint"",""coordinates"":[]}"
00000000000000000033,2025-04-29,2025-04-29 10:00,29.225864867656696,10,24,1_LC08_137044_20250429,LS89,2024-25,"{""type"":""MultiPoint"",""coordinates"":[]}"
00000000000000000034,2025-05-07,2025-05-07 10:00,32.27748240837923,10,24,2_LC09_137043_20250507,LS89,2024-25,"{""type"":""MultiPoint"",""coordinates"":[]}"
00000000000000000035,2025-05-07,2025-05-07 10:00,32.27748240837923,10,24,2_LC09_137044_20250507,LS89,2024-25,"{""type"":""MultiPoint"",""coordinates"":[]}"
00000000000000000036,2025-05-31,2025-05-31 10:00,29.259036561834307,10,23,1_LC08_137043_20250531,LS89,2024-25,"{""type"":""MultiPoint"",""coordinates"":[]}"
00000000000000000037,2025-06-08,2025-06-08 10:00,33.333074185061434,10,23,2_LC09_137043_20250608,LS89,2024-25,"{""type"":""MultiPoint"",""coordinates"":[]}"
00000000000000000038,2025-06-08,2025-06-08 10:00,33.333074185061434,10,24,2_LC09_137044_20250608,LS89,2024-25,"{""type"":""MultiPoint"",""coordinates"":[]}"
00000000000000000039,2025-07-18,2025-07-18 10:00,31.671844124734605,10,24,1_LC08_137043_20250718,LS89,2024-25,"{""type"":""MultiPoint"",""coordinates"":[]}"
0000000000000000003a,2025-07-18,2025-07-18 10:00,31.671844124734605,10,24,1_LC08_137044_20250718,LS89,2024-25,"{""type"":""MultiPoint"",""coordinates"":[]}"
