system:index,date_utc,era5_t2m_mean_C,era5_target_datetime_utc,hour_utc,minute_utc,scene_id,sensor,year_group,.geo
00000000000000000000,2000-06-03,33.14974543774048,2000-06-03 10:00,10,16,LE07_137043_20000603,LS7,2000-01,"{""type"":""MultiPoint"",""coordinates"":[]}"
00000000000000000001,2000-06-03,33.14974543774048,2000-06-03 10:00,10,16,LE07_137044_20000603,LS7,2000-01,"{""type"":""MultiPoint"",""coordinates"":[]}"
00000000000000000002,2001-04-19,31.958273777016927,2001-04-19 10:00,10,14,LE07_137044_20010419,LS7,2000-01,"{""type"":""MultiPoint"",""coordinates"":[]}"
00000000000000000003,2001-07-08,30.226261906799493,2001-07-08 10:00,10,13,LE07_137043_20010708,LS7,2000-01,"{""type"":""MultiPoint"",""coordinates"":[]}"
00000000000000000004,2001-07-08,30.226261906799493,2001-07-08 10:00,10,14,LE07_137044_20010708,LS7,2000-01,"{""type"":""MultiPoint"",""coordinates"":[]}"
00000000000000000005,2005-04-06,31.064463866040853,2005-04-06 10:00,10,11,LT05_137043_20050406,LS5,2005-06,"{""type"":""MultiPoint"",""coordinates"":[]}"
00000000000000000006,2005-06-09,34.29522556126119,2005-06-09 10:00,10,11,LT05_137043_20050609,LS5,2005-06,"{""type"":""MultiPoint"",""coordinates"":[]}"
00000000000000000007,2006-04-25,32.31404430284732,2006-04-25 10:00,10,16,LT05_137043_20060425,LS5,2005-06,"{""type"":""MultiPoint"",""coordinates"":[]}"
00000000000000000008,2006-04-25,32.31404430284732,2006-04-25 10:00,10,16,LT05_137044_20060425,LS5,2005-06,"{""type"":""MultiPoint"",""coordinates"":[]}"
00000000000000000009,2010-04-20,37.70097380599293,2010-04-20 10:00,10,15,LT05_137043_20100420,LS5,2010-11,"{""type"":""MultiPoint"",""coordinates"":[]}"
0000000000000000000a,2011-04-07,32.9974932461069,2011-04-07 10:00,10,14,LT05_137043_20110407,LS5,2010-11,"{""type"":""MultiPoint"",""coordinates"":[]}"
0000000000000000000b,2011-04-07,32.9974932461069,2011-04-07 10:00,10,14,LT05_137044_20110407,LS5,2010-11,"{""type"":""MultiPoint"",""coordinates"":[]}"
0000000000000000000c,2011-06-10,30.5182758450984,2011-06-10 10:00,10,13,LT05_137043_20110610,LS5,2010-11,"{""type"":""MultiPoint"",""coordinates"":[]}"
0000000000000000000d,2011-07-28,32.00950064022953,2011-07-28 10:00,10,13,LT05_137043_20110728,LS5,2010-11,"{""type"":""MultiPoint"",""coordinates"":[]}"
0000000000000000000e,2015-04-18,27.81709192665022,2015-04-18 10:00,10,23,LC08_137043_20150418,LS8,2015-16,"{""type"":""MultiPoint"",""coordinates"":[]}"
0000000000000000000f,2015-04-18,27.81709192665022,2015-04-18 10:00,10,24,LC08_137044_20150418,LS8,2015-16,"{""type"":""MultiPoint"",""coordinates"":[]}"
00000000000000000010,2015-05-04,32.32000184587355,2015-05-04 10:00,10,23,LC08_137043_20150504,LS8,2015-16,"{""type"":""MultiPoint"",""coordinates"":[]}"
00000000000000000011,2015-05-04,32.32000184587355,2015-05-04 10:00,10,23,LC08_137044_20150504,LS8,2015-16,"{""type"":""MultiPoint"",""coordinates"":[]}"
00000000000000000012,2015-06-05,33.359041225832584,2015-06-05 10:00,10,23,LC08_137043_20150605,LS8,2015-16,"{""type"":""MultiPoint"",""coordinates"":[]}"
00000000000000000013,2015-06-05,33.359041225832584,2015-06-05 10:00,10,23,LC08_137044_20150605,LS8,2015-16,"{""type"":""MultiPoint"",""coordinates"":[]}"
00000000000000000014,2015-06-21,28.245327732130363,2015-06-21 10:00,10,24,LC08_137044_20150621,LS8,2015-16,"{""type"":""MultiPoint"",""coordinates"":[]}"
00000000000000000015,2016-05-06,32.12632871980685,2016-05-06 10:00,10,24,LC08_137043_20160506,LS8,2015-16,"{""type"":""MultiPoint"",""coordinates"":[]}"
00000000000000000016,2016-05-22,30.934014345006233,2016-05-22 10:00,10,24,LC08_137044_20160522,LS8,2015-16,"{""type"":""MultiPoint"",""coordinates"":[]}"
00000000000000000017,2016-06-07,29.2939271517688,2016-06-07 10:00,10,24,LC08_137043_20160607,LS8,2015-16,"{""type"":""MultiPoint"",""coordinates"":[]}"
00000000000000000018,2016-07-09,29.95981622951024,2016-07-09 10:00,10,24,LC08_137043_20160709,LS8,2015-16,"{""type"":""MultiPoint"",""coordinates"":[]}"
00000000000000000019,2020-05-17,32.524369013182934,2020-05-17 10:00,10,23,LC08_137043_20200517,LS8,2020-21,"{""type"":""MultiPoint"",""coordinates"":[]}"
0000000000000000001a,2020-05-17,32.524369013182934,2020-05-17 10:00,10,24,LC08_137044_20200517,LS8,2020-21,"{""type"":""MultiPoint"",""coordinates"":[]}"
0000000000000000001b,2020-06-02,30.7820456340512,2020-06-02 10:00,10,23,LC08_137043_20200602,LS8,2020-21,"{""type"":""MultiPoint"",""coordinates"":[]}"
0000000000000000001c,2020-06-02,30.7820456340512,2020-06-02 10:00,10,24,LC08_137044_20200602,LS8,2020-21,"{""type"":""MultiPoint"",""coordinates"":[]}"
0000000000000000001d,2021-04-02,33.47846538845778,2021-04-02 10:00,10,24,LC08_137043_20210402,LS8,2020-21,"{""type"":""MultiPoint"",""coordinates"":[]}"
0000000000000000001e,2021-04-02,33.47846538845778,2021-04-02 10:00,10,24,LC08_137044_20210402,LS8,2020-21,"{""type"":""MultiPoint"",""coordinates"":[]}"
0000000000000000001f,2021-04-18,32.76694200052111,2021-04-18 10:00,10,24,LC08_137043_20210418,LS8,2020-21,"{""type"":""MultiPoint"",""coordinates"":[]}"
00000000000000000020,2021-04-18,32.76694200052111,2021-04-18 10:00,10,24,LC08_137044_20210418,LS8,2020-21,"{""type"":""MultiPoint"",""coordinates"":[]}"
00000000000000000021,2024-04-02,34.99668231733625,2024-04-02 10:00,10,24,2_LC09_137043_20240402,LS89,2024-25,"{""type"":""MultiPoint"",""coordinates"":[]}"
00000000000000000022,2024-04-02,34.99668231733625,2024-04-02 10:00,10,24,2_LC09_137044_20240402,LS89,2024-25,"{""type"":""MultiPoint"",""coordinates"":[]}"
00000000000000000023,2024-04-18,34.59514664378207,2024-04-18 10:00,10,24,2_LC09_137043_20240418,LS89,2024-25,"{""type"":""MultiPoint"",""coordinates"":[]}"
00000000000000000024,2024-04-18,34.59514664378207,2024-04-18 10:00,10,24,2_LC09_137044_20240418,LS89,2024-25,"{""type"":""MultiPoint"",""coordinates"":[]}"
00000000000000000025,2024-04-26,38.87553746321316,2024-04-26 10:00,10,23,1_LC08_137043_20240426,LS89,2024-25,"{""type"":""MultiPoint"",""coordinates"":[]}"
00000000000000000026,2024-04-26,38.87553746321316,2024-04-26 10:00,10,24,1_LC08_137044_20240426,LS89,2024-25,"{""type"":""MultiPoint"",""coordinates"":[]}"
00000000000000000027,2024-05-04,36.83052416767168,2024-05-04 10:00,10,24,2_LC09_137043_20240504,LS89,2024-25,"{""type"":""MultiPoint"",""coordinates"":[]}"
00000000000000000028,2024-05-04,36.83052416767168,2024-05-04 10:00,10,24,2_LC09_137044_20240504,LS89,2024-25,"{""type"":""MultiPoint"",""coordinates"":[]}"
00000000000000000029,2024-05-12,32.12918047426689,2024-05-12 10:00,10,23,1_LC08_137043_20240512,LS89,2024-25,"{""type"":""MultiPoint"",""coordinates"":[]}"
0000000000000000002a,2024-05-12,32.12918047426689,2024-05-12 10:00,10,24,1_LC08_137044_20240512,LS89,2024-25,"{""type"":""MultiPoint"",""coordinates"":[]}"
0000000000000000002b,2024-06-05,33.80455462308504,2024-06-05 10:00,10,23,2_LC09_137043_20240605,LS89,2024-25,"{""type"":""MultiPoint"",""coordinates"":[]}"
0000000000000000002c,2024-07-07,30.208973511922466,2024-07-07 10:00,10,23,2_LC09_137043_20240707,LS89,2024-25,"{""type"":""MultiPoint"",""coordinates"":[]}"
0000000000000000002d,2024-07-07,30.208973511922466,2024-07-07 10:00,10,24,2_LC09_137044_20240707,LS89,2024-25,"{""type"":""MultiPoint"",""coordinates"":[]}"
0000000000000000002e,2025-04-05,33.41446908010806,2025-04-05 10:00,10,24,2_LC09_137043_20250405,LS89,2024-25,"{""type"":""MultiPoint"",""coordinates"":[]}"
0000000000000000002f,2025-04-05,33.41446908010806,2025-04-05 10:00,10,24,2_LC09_137044_20250405,LS89,2024-25,"{""type"":""MultiPoint"",""coordinates"":[]}"
00000000000000000030,2025-04-13,34.44606497592588,2025-04-13 10:00,10,23,1_LC08_137043_20250413,LS89,2024-25,"{""type"":""MultiPoint"",""coordinates"":[]}"
00000000000000000031,2025-04-13,34.44606497592588,2025-04-13 10:00,10,24,1_LC08_137044_20250413,LS89,2024-25,"{""type"":""MultiPoint"",""coordinates"":[]}"
00000000000000000032,2025-04-29,29.389662462313595,2025-04-29 10:00,10,23,1_LC08_137043_20250429,LS89,2024-25,"{""type"":""MultiPoint"",""coordinates"":[]}"
00000000000000000033,2025-04-29,29.389662462313595,2025-04-29 10:00,10,24,1_LC08_137044_20250429,LS89,2024-25,"{""type"":""MultiPoint"",""coordinates"":[]}"
00000000000000000034,2025-05-07,32.27411277211945,2025-05-07 10:00,10,24,2_LC09_137043_20250507,LS89,2024-25,"{""type"":""MultiPoint"",""coordinates"":[]}"
00000000000000000035,2025-05-07,32.27411277211945,2025-05-07 10:00,10,24,2_LC09_137044_20250507,LS89,2024-25,"{""type"":""MultiPoint"",""coordinates"":[]}"
00000000000000000036,2025-05-31,29.24624719099478,2025-05-31 10:00,10,23,1_LC08_137043_20250531,LS89,2024-25,"{""type"":""MultiPoint"",""coordinates"":[]}"
00000000000000000037,2025-06-08,33.33731142760553,2025-06-08 10:00,10,23,2_LC09_137043_20250608,LS89,2024-25,"{""type"":""MultiPoint"",""coordinates"":[]}"
00000000000000000038,2025-06-08,33.33731142760553,2025-06-08 10:00,10,24,2_LC09_137044_20250608,LS89,2024-25,"{""type"":""MultiPoint"",""coordinates"":[]}"
00000000000000000039,2025-07-18,31.58892141343506,2025-07-18 10:00,10,24,1_LC08_137043_20250718,LS89,2024-25,"{""type"":""MultiPoint"",""coordinates"":[]}"
0000000000000000003a,2025-07-18,31.58892141343506,2025-07-18 10:00,10,24,1_LC08_137044_20250718,LS89,2024-25,"{""type"":""MultiPoint"",""coordinates"":[]}"
